タイムスタンプ,配信者名 / Streamer Name,Twitch URL,ゲームタイトル / Game Title,Steam URL,配信日(任意) / Stream Date(optional),配信時間(任意) / Stream Time(optional),言語(任意) / Language(optional),ひとこと(任意) / Notes(optional),TimeNum
2026/04/01 23:11:20,七七七まぐの,https://www.twitch.tv/parton777magno,Revolgear Zero(リボルギアゼロ),https://store.steampowered.com/app/3941820/Revolgear_Zero/,6/19 (fri),0時前後,日本語 / Japanese,硬派なイメージが先行するSTGジャンルに対し、令和の作品はだれでも楽しめるSTGがふえてきたよ！攻防一体のビットシステムでサクサク進めて、アンロックすると使用出来る自機や兵装で攻略の仕方が変化する幅広い楽しさがあるSTG！！,0
2026/06/18 22:33:13,まことニコ,https://www.twitch.tv/makoto255,ソラ,https://store.steampowered.com/app/390730/_/,6/19 (fri),0時頃,日本語 / Japanese,私でもクリアできるシューティングゲームです。スタイリッシュだからみんなもやろう！,0
2026/06/19 10:45:35,ワガハイ,https://www.twitch.tv/wagahai_nekkodahl,Level Devil,https://store.steampowered.com/app/3242750/Level_Devil/,6/19 (fri),10時50分頃から,日本語 / Japanese,,10
2026/04/17 15:21:15,comityklaus,https://www.twitch.tv/comityklaus,Zexion (Casual Mode),https://store.steampowered.com/app/3392510/Zexion/,"6/19 (fri), 6/20 (sat), 6/21 (sun)","Starting late AM, JST",日本語 / Japanese,"One of my favorite Western indie games from 2025. It added Japanese language support in March 2026! Let's explore Cypher-X72 and discover the forbidden power of Zexion! (EN speaker, new playthrough in JP)",12
2026/06/19 13:51:59,ちきん_じょーじ,https://www.twitch.tv/chicken_silver,プロギアの嵐,https://store.steampowered.com/app/1556729/Capcom_Arcade_Stadium/,"6/19 (fri), 6/21 (sun)",13:00から16:00,日本語 / Japanese,事後申請です申し訳ない,13
2026/06/19 19:51:24,ゲームロボ,https://www.twitch.tv/gamerobomt,ムラサキ劍,https://store.steampowered.com/app/392030/_/,"6/19 (fri), 6/21 (sun)",14時～18時予定,日本語 / Japanese,できれば続編のムラサキ剣やプリンと盾琴も遊びます！,14
2026/06/19 12:04:56,皆月みもら,https://www.twitch.tv/mimora_6,BOMCAT,https://store.steampowered.com/app/3923130/BOMCAT/,6/19 (fri),14:15～15:15,日本語 / Japanese,"たのしいレトロ風爆弾アクションです!
以前クリアしましたが、もう一度クリアを目指します。",14
2026/06/20 13:04:43,しほまる,https://www.twitch.tv/shihomaru_gaming,ライクドリーマー,https://store.steampowered.com/app/1867740/_/,"6/20 (sat), 未定 (TBD)",14:00～目安,日本語 / Japanese,オールステージツアー・エキスパートに挑みます。承認欲求を拗らせた小娘たちが弾幕SNS中毒を爆発させます。,14
2026/06/20 13:04:26,しほまる,https://www.twitch.tv/shihomaru_gaming,Crypt Stalker / フツゥプレイ,https://store.steampowered.com/app/628550/Crypt_Stalker/,"6/19 (fri), 6/20 (sat), 未定 (TBD)",14:00～目安,日本語 / Japanese,悪魔城ぽいお安めゲェムプレイします,14
2026/05/20 21:43:11,カニエルボー,https://www.twitch.tv/kani_elbow,キル・ナイト,https://store.steampowered.com/app/2694420/_/,"6/19 (fri), 6/20 (sat)",恐らく昼（15時前後から）,日本語 / Japanese,"ハードなツインスティックシューター
自分にはハードすぎるので低難易度で遊びますが、少しでも気になってくれればうれしいと思います。
真の騎士はゲームパッドを使うものである",15
2026/05/20 21:49:02,カニエルボー,https://www.twitch.tv/kani_elbow,Shattered Pixel Dungeon,https://store.steampowered.com/app/1769170/Shattered_Pixel_Dungeon/,"6/19 (fri), 6/20 (sat)",恐らく昼（15時前後から）,日本語 / Japanese,みなさんローグライク好きですよね？こいつは不思議のダンジョンではなくRogue寄りだけどカジュアル目なやつです。Githubに公開されている無料版を遊びます。,15
2026/06/19 20:58:25,しほまる,https://www.twitch.tv/shihomaru_gaming,コールサインはマジックライナー,https://store.steampowered.com/app/1987420/Call_Sign_is_Magic_Liner/,6/19 (fri),16:30~21:00,日本語 / Japanese,無料のGBっぽいSTGやります,16.5
2026/06/19 16:08:14,しほまる,https://www.twitch.tv/shihomaru_gaming,Silver Bullet,https://store.steampowered.com/app/2818130/Silver_Bullet/,"6/19 (fri), 未定 (TBD)",16:30~21:00 目安,日本語 / Japanese,マウスで狙ってバンバン撃つアケゲーぽいゲェムです,16.5
2026/06/19 0:58:38,しほまる,https://www.twitch.tv/shihomaru_gaming,GANA BLADE / EX Retro HARD,https://store.steampowered.com/app/2425920/_/,"6/19 (fri), 未定 (TBD)",17:00~21:00 目安,日本語 / Japanese,ファミコンっぽいシューティングをやります,17
2026/06/16 7:35:15,ボッソ,https://www.twitch.tv/bosso0809,そして何も点かなくなった - And Then There Was No Light　初見プレイ,https://store.steampowered.com/app/3352420/__And_Then_There_Was_No_Light/,"6/19 (fri), 未定 (TBD)",17時頃予定,日本語 / Japanese,ドットゲームの良さをお伝えしたいです。,17
2026/06/19 20:48:02,プロフェッサーエックス,https://www.twitch.tv/professorcharlesx,神話構想スターノート,https://store.steampowered.com/app/2508940/_/,6/19 (fri),17時,日本語 / Japanese,"エルシャダイの竹安佐和記氏による神話構想シリーズの流れをくむ
「MEGABONK」より早かった3Dサバイバーです",17
2026/06/18 23:03:49,まことニコ,https://www.twitch.tv/makoto255,超アロイレンジャー,https://store.steampowered.com/app/1944060/_/,6/19 (fri),19時前後,日本語 / Japanese,とってもやさしく遊びやすい横スクアクション　遊びやすいだけではなく曲もいい！若干の探索要素もありますが、今回はサクサクプレイを心がけていこうと思います,19
2026/05/18 21:08:45,もちづきしんいち,https://www.twitch.tv/shinichi0724,DEVIL BLADE REBOOT,https://store.steampowered.com/app/2882440/DEVIL_BLADE_REBOOT/,6/19 (fri),19時以降,日本語 / Japanese,4本プレイする予定で、順番は未定です。,19
2026/05/18 21:11:49,もちづきしんいち,https://www.twitch.tv/shinichi0724,GRAND CROSS: ReNOVATION,https://store.steampowered.com/app/1808900/GRAND_CROSS_ReNOVATION/,6/19 (fri),19時～,日本語 / Japanese,4本プレイする予定で、順番は未定です。,19
2026/05/18 21:13:08,もちづきしんいち,https://www.twitch.tv/shinichi0724,超電気ロボ バルカイザー,https://store.steampowered.com/app/349680/_/,6/19 (fri),19時～,日本語 / Japanese,4本プレイする予定で、順番は未定です。,19
2026/05/18 21:14:43,もちづきしんいち,https://www.twitch.tv/shinichi0724,Jamestown,https://store.steampowered.com/app/94200/Jamestown/,6/19 (fri),19時～,日本語 / Japanese,4本配信予定で、順番は未定です。,19
2026/06/13 17:24:28,LeJeunebug,https://www.twitch.tv/lejeunebug,People of Note,https://store.steampowered.com/app/1626170/People_of_Note/,6/19 (fri),20時頃,"日本語 / Japanese, 英語 / English",,20
2026/04/12 16:58:20,ばさろ,https://www.twitch.tv/basaro_tw,Arrest of a stone Buddha（初見プレイ）,https://store.steampowered.com/app/1151120/Arrest_of_a_stone_Buddha/,"6/19 (fri), 6/20 (sat), 6/21 (sun)",20時～未定,日本語 / Japanese,ドット絵表現のゲームが大好きです。今回プレイするゲームもドット絵です。頑張ります！よろしくお願いします！,20
2026/04/20 15:38:40,ばさろ,https://www.twitch.tv/basaro_tw,Fading Afternoon（初見プレイ）,https://store.steampowered.com/app/1687000/Fading_Afternoon/,"6/19 (fri), 6/20 (sat), 6/21 (sun)",20時～未定,日本語 / Japanese,もし「Arrest of a stone Buddha」をクリアして時間が余ったらこちらのゲームも遊びます。,20
2026/05/30 5:10:44,おぶでら,https://www.twitch.tv/obdera,デンパトウ,https://store.steampowered.com/app/2747790,6/19 (fri),9:00,日本語 / Japanese,,21
2026/05/31 13:25:14,シェルブリット,https://www.twitch.tv/shellbrid,Old School Musical,https://store.steampowered.com/app/398030/Old_School_Musical/,"6/19 (fri), 6/20 (sat)",21時頃,日本語 / Japanese,ストーリーが様々なレトロゲーのパロディしているリズムゲームです。Switch版で遊びます！,21
2026/06/14 17:55:12,アイスヘイホー,https://www.twitch.tv/iceshyguy,Shantae Advance: Risky Revolution,https://store.steampowered.com/app/3055950/Shantae_Advance_Risky_Revolution/,"6/19 (fri), 6/20 (sat), 6/21 (sun)","夜(19日は21:30～22:00頃から、20日,21日は20:00から)",日本語 / Japanese,元々GBA向けに開発していたが諸事情により開発中止、その後20年以上経て昨年発売された2Dアクションゲームです。Switch版購入済みでしたが最近セール対象になってたのでSteam版も買いました。先日のアップデートで(機械翻訳レベルの)日本語対応がなされたので実績解除がてらやろうと思います。,21.5
2026/06/04 22:01:19,ゆづこ5090,https://www.twitch.tv/yuzuko5090,Save My Scrap -セイブ・マイ・スクラップ-,https://store.steampowered.com/app/4078210/Save_My_Scrap/,6/19 (fri),22時‐23時スタート,日本語 / Japanese,"ちょっと悲しい少し未来の物語
最初からのんびりシーンごとを考察したり雑談したりしながらお話を見ていこう",22
2026/04/22 22:16:48,ねぷ,https://www.twitch.tv/nep_nepnep,ポピュラス・ザ・ビギニング,https://store.steampowered.com/app/2616430/Populous_The_Beginning,"6/19 (fri), 6/20 (sat), 6/21 (sun)",夜11～2時,日本語 / Japanese,"知る人ぞ知るレトロ洋ゲー
多くの人にはおなじみのスーファミポピュラスのシリーズ最終作
全能神の視点になってリアルタイムストラテジーシミュレーション

神にでもなったつもりか？　はい、なりました",23
2026/06/19 22:40:35,オポッティー,https://www.twitch.tv/opotty202310,初見プレイ/ 奴隷闘士サラ,https://store.steampowered.com/app/1202280/_/,6/19 (fri),23時,日本語 / Japanese,見た感じゲームボーイの聖剣伝説っぽいアクションRPGだと思う！楽しんでいくぞ！,23
2026/06/18 1:23:41,nanaru66,https://www.twitch.tv/nanaru66,HYPERTRASH　～極限ブチギレ請求書～,https://store.steampowered.com/app/3967360/HYPERTRASH/,6/19 (fri),23時30分～,日本語 / Japanese,ファンキーで気になってたゲームで遊びます‼️どうぞよろしくお願いいたします🙇‍♂️,23.5
2026/04/12 17:08:59,りっち～,https://www.twitch.tv/jajajamen,超忍伝,https://store.steampowered.com/app/3648910/SUPER_SHINOBI_DEN/,"6/19 (fri), 6/20 (sat), 6/21 (sun)",19時～20時以外のどこかでやりたいです,日本語 / Japanese,スピードランもハイスコアも熱いぞ！,
2026/04/12 17:13:06,りっち～,https://www.twitch.tv/jajajamen,上海 Refresh,https://store.steampowered.com/app/1044210/_Refresh/,"6/19 (fri), 6/20 (sat), 6/21 (sun)",19時～20時以外のところでやりたいです,日本語 / Japanese,スイッチにも移植されてるのにレビュー数少ないな！いいゲームなんですよ,
2026/04/12 17:23:53,りっち～,https://www.twitch.tv/jajajamen,Baki Hanma: Blood Arena,https://store.steampowered.com/app/3469230/Baki_Hanma_Blood_Arena/,"6/19 (fri), 6/20 (sat), 6/21 (sun)",19時～20時以外のどこかでやりたいです,日本語 / Japanese,バキのパンチアウト。製品版発売と同時に体験版が遊べなくなる男仕様。,
2026/04/28 22:34:48,りっち～,https://www.twitch.tv/jajajamen,SlipStream,https://store.steampowered.com/app/732810/Slipstream/,"6/19 (fri), 6/20 (sat), 6/21 (sun)",19時～20時以外のどこかでやりたいです,日本語 / Japanese,アウトランリスペクトなレースゲー！アウトランっぽいモードからグランプリモード！地獄のキャノンボールまでなんでもあるぞ！操作も簡単！おすすめ！,
2026/06/17 23:15:28,七七七まぐの,https://www.twitch.tv/parton777magno,神風帝国,https://store.steampowered.com/app/3031720/_/,6/19 (fri),夜,日本語 / Japanese,自爆系STGなんて初めて聞いたよ。キャラクターの名前が桜花って、オイ。文字通り、いのちを使って敵陣を切り開く新しいスタイルだ、命を燃やせ！吶喊（とっかーーーーん）！,
2026/06/06 21:56:17,ユリイカ,https://www.twitch.tv/ika_s,Path of the Abyss（初見プレイ）,https://store.steampowered.com/app/1768650/Path_of_the_Abyss/,6/19 (fri),夜,日本語 / Japanese,,
2026/06/20 11:59:43,あちぇらん,https://www.twitch.tv/accelan7178,Tanuki Sunset,https://store.steampowered.com/app/1251460/Tanuki_Sunset/,6/19 (fri),深夜帯,日本語 / Japanese,心地よいBGMが好き。スコアより雰囲気重視で、のんびり滑走しましょう。,
2026/06/18 22:47:00,まことニコ,https://www.twitch.tv/makoto255,Enter the Gungeon,https://store.steampowered.com/app/311690/Enter_the_Gungeon/,"6/19 (fri), 6/20 (sat)",※プレイ時間の短いゲームが存外早く終わったら,日本語 / Japanese,せっかくなので初期化したデータで遊んでいきます,
2026/06/19 20:58:59,大変マン,https://www.twitch.tv/taihen_man,Mago,https://store.steampowered.com/app/1098280/Mago/,"6/19 (fri), 6/20 (sat), 6/21 (sun)",未定,日本語 / Japanese,,
2026/06/19 18:07:02,まっきー_レトロゲーム配信,https://www.twitch.tv/makky_retro,UFO50,https://store.steampowered.com/app/1147860/UFO_50/,"6/19 (fri), 6/20 (sat), 6/21 (sun), 未定 (TBD)",未定,日本語 / Japanese,8bitレトロ風のゲーム50本が入っているゲームです。できるだけ期間内に多くのゲームをクリアできるように頑張ってみます。,
2026/06/19 23:54:59,レックナート・マキャフリー,https://www.twitch.tv/leknaat_mccaffrey,LiEat,https://store.steampowered.com/app/373770/LiEat/?l=japanese,"6/19 (fri), 6/20 (sat), 6/21 (sun)",１９日(金) ２１時頃、２０日(土) 深夜、２１日(日) １９時頃,日本語 / Japanese,"すべての言語 (4,614レビュー)
日本語 (99レビュー) 
と日本のゲームですが海外人気がかなり高いです。

とっても可愛い女の子が出てくる作品ですわ💜",
2026/06/18 20:29:05,七七七まぐの,https://www.twitch.tv/parton777magno,MODEL EIGHT,https://store.steampowered.com/app/2362480/Model_Eight/,6/20 (sat),0時ごろ,日本語 / Japanese,どこか懐かしさを感じて手を伸ばしたこの1本。STGは得意じゃないけど、できる限り進めていくよ！,0
2026/06/19 23:56:10,まことニコ,https://www.twitch.tv/makoto255,Hyper Light Drifter,https://store.steampowered.com/app/257850/Hyper_Light_Drifter/,6/20 (sat),8時前後,日本語 / Japanese,硬派なように見えて、やさしく遊びやすい見下ろし視点アクション　遊びやすいだけではなく雰囲気もいい！だいぶ探索要素もありますが、今回はサクサクプレイを心がけていこうと思います　クリアまで遊ぶ予定はありませんがどうぞよろしくお願いします！,8
2026/06/19 22:41:47,ひろ朗,https://www.twitch.tv/hirorou3,Ratopia,https://store.steampowered.com/app/2244130/Ratopia/,6/20 (sat),8時頃～,日本語 / Japanese,あまり人気がないようなので紹介のため参加しました！よろしくお願いします！,8
2026/06/18 11:04:55,のんびりちゃん,https://www.twitch.tv/nonbirichan,Ultros (初見プレイ),https://store.steampowered.com/app/2386310/Ultros/,6/20 (sat),12時頃,日本語 / Japanese,PS5での配信になります　よろしくお願い致します,12
2026/06/19 15:40:39,よるなぎやぎ,https://www.twitch.tv/yorunagi_yagi,La-Mulana2(Randomizer),https://store.steampowered.com/app/835430/LaMulana_2/,6/20 (sat),12時ごろ,日本語 / Japanese,"謎解き要素のあるアクションゲームとなりますが、それをランダマイザにして遊びます。
ギミックの解き方などネタバレにはなってしまいますがご容赦ください",12
2026/04/22 12:24:11,えまてんちょ,https://www.twitch.tv/tencho_land,TAYAL,https://store.steampowered.com/app/818960/TAYAL/,"6/20 (sat), 6/21 (sun)",昼過ぎから,日本語 / Japanese,ロックマンリスペクトの横スクロールアクション。クリアまでがんばります！,12
2026/04/22 12:29:48,えまてんちょ,https://www.twitch.tv/tencho_land,Bat Boy（初見プレイ）,https://store.steampowered.com/app/1709350/Bat_Boy/,"6/20 (sat), 6/21 (sun)",昼過ぎから,日本語 / Japanese,スポーツ(球技多め)を題材にしたロックマン+スーパーマリオといった形の2Dアクション。クリアまでがんばります！,12
2026/04/12 14:30:34,もちる,https://www.twitch.tv/lostarea707,Suicide Drive,https://store.steampowered.com/app/4524170/Suicide_Drive/,"6/20 (sat), 6/21 (sun)",昼過ぎ頃〜夜まで,日本語 / Japanese,steam周りはあまり詳しくないですが楽しみましょう〜　ローカライズされてなかったらどうしよう！,12
2026/06/20 13:03:50,しほまる,https://www.twitch.tv/shihomaru_gaming,ZAKESTA-Z,https://store.steampowered.com/app/2695830/ZAKESTAZ/,"6/20 (sat), 未定 (TBD)",14:00～目安,日本語 / Japanese,BGMとかサイコーなアレスタ風味ＳＴＧです。１ＣＣをネライマス。,14
2026/06/20 15:13:00,皆月みもら,https://www.twitch.tv/mimora_6,Xeno Runners,https://store.steampowered.com/app/2696850/Xeno_Runners/?l=japanese,6/20 (sat),15:20～16:20,日本語 / Japanese,超ハイスピード糸通しアクションを、予定の間に糸通しします。カチャ。,15
2026/06/12 21:20:18,HelloTrixxy,https://www.twitch.tv/hellotrixxy,SGZH School Girl Zombie Hunter! Fresh Save! Main Story Missions!,https://store.steampowered.com/app/682570/SGZH_School_GirlZombie_Hunter/,6/20 (sat),4pm JPST,"日本語 / Japanese, 英語 / English",Five Girls Fight!!  Fresh Save playthrough EST around 6-7 hours. Get Comfy.,16
2026/06/18 23:22:54,まことニコ,https://www.twitch.tv/makoto255,Cuisineer,https://store.steampowered.com/app/1963570/Cuisineer/,6/20 (sat),夕方　可能であればお昼から,日本語 / Japanese,ハクスラして得た素材で飲食店経営をするかわいいゲーム！特筆すべきは・・お料理がおいしそうなところ！ゲームボリュームの都合上、クリアまでは出来ませんがご興味をもっていただけたらとてもうれしいです,18
2026/06/13 17:23:20,LeJeunebug,https://www.twitch.tv/lejeunebug,Cyber Emoji Tale 2099,https://store.steampowered.com/app/1510930/CYBER_EMOJI_TALE_2099/,6/20 (sat),18時頃,"日本語 / Japanese, 英語 / English",,18
2026/06/18 18:16:28,るるいﾁｬﾝ,https://www.twitch.tv/luluiluu,ストレンジシード Strange Seed,https://store.steampowered.com/app/2463690/_Strange_Seed/,6/20 (sat),18時ごろ,日本語 / Japanese,わくわくわく,18
2026/06/18 18:16:38,るるいﾁｬﾝ,https://www.twitch.tv/luluiluu,パーリィナイトメア,https://store.steampowered.com/app/2081230/_/,6/20 (sat),18時ごろ,日本語 / Japanese,わくわく,18
2026/06/19 20:47:18,プロフェッサーエックス,https://www.twitch.tv/professorcharlesx,WARHEAD CIRCUS（ウォーヘッド サーカス）,https://store.steampowered.com/app/3936260/WARHEAD_CIRCUS/,6/20 (sat),18時頃,日本語 / Japanese,超時空なミサイル避けローグライクです,18
2026/06/20 16:24:45,きよまる,https://www.twitch.tv/kiyomarugames,まものろKAI！ ～まもるクンは呪われてしまった！～ ,https://store.steampowered.com/app/3273980/KAI/,6/20 (sat),19時頃,日本語 / Japanese,冥界活劇モードをツインスティック360度ショット設定で遊んでいきます！カジュアルに楽しめるのでSTG普段やらない人も楽しめますので、ぜひ参考にみてね！,19
2026/06/13 17:31:11,LeJeunebug,https://www.twitch.tv/lejeunebug,Roundabout,https://store.steampowered.com/app/303430/Roundabout/,6/20 (sat),20時頃,"日本語 / Japanese, 英語 / English",,20
2026/06/15 19:34:46,岡様,https://www.twitch.tv/ww_okasama_ww,グラディイーター（初見プレイ）,https://store.steampowered.com/app/2141280/_/,6/20 (sat),20時頃,日本語 / Japanese,ゲームタイトル、システム、紹介動画全てに惹かれました。めちゃくちゃ面白そう！！,20
2026/06/14 17:57:40,アイスヘイホー,https://www.twitch.tv/iceshyguy,PROJEKT GODHAND,https://store.steampowered.com/app/2978440/PROJEKT_GODHAND/,"6/20 (sat), 6/21 (sun)",20時～,日本語 / Japanese,キーボード破壊系リズムゲームです。Shantae Advanceがクリアできたらこっちもやります。,20
2026/06/21 14:27:18,がちゅん,https://www.twitch.tv/gachun83,ライズ・オブ・ザ・サード・パワー,https://store.steampowered.com/app/698700/_/,"6/20 (sat), 6/21 (sun)",21日は時間できればやるかも、、、,日本語 / Japanese,気になっていたRPGを紹介したくて,
2026/06/20 12:30:23,あちぇらん,https://www.twitch.tv/accelan7178,Chivalry 2,https://store.steampowered.com/app/1824220/Chivalry_2/,6/20 (sat),21:00 頃から,日本語 / Japanese,"コミュニティがもの凄く深くて狭い界隈、騎士精神2
騎士道とは何か、まずは生き残ってから考えよう",21
2026/06/21 21:57:47,シューマイ,https://www.twitch.tv/syusyutrain,Cross Code,https://store.steampowered.com/app/368340/CrossCode/,"6/20 (sat), 6/21 (sun)",22時頃～,日本語 / Japanese,ずっと推しているゲームです。やはり推さねば、ここで推さねば。,
2026/06/13 17:27:38,LeJeunebug,https://www.twitch.tv/lejeunebug,Blippo,https://store.steampowered.com/app/3323850/Blippo/,6/20 (sat),22時頃,"日本語 / Japanese, 英語 / English",,22
2026/06/04 21:57:13,ゆづこ5090,https://www.twitch.tv/yuzuko5090,Last Labyrinth,https://store.steampowered.com/app/979400/Last_Labyrinth/,6/20 (sat),22時以降,日本語 / Japanese,"VRがおすすめですがスタンダード（非VR）で遊びます
視聴者が次の行動を考えて動かすプレイです
いっぱいコメントしにきてね",22
2026/06/06 21:58:04,ユリイカ,https://www.twitch.tv/ika_s,Dungeon Of Dragon Knight（初見プレイ）,https://store.steampowered.com/app/823610/Dungeon_Of_Dragon_Knight/,6/20 (sat),夜,日本語 / Japanese,,
2026/06/11 20:36:32,七七七まぐの,https://www.twitch.tv/parton777magno,Dolls Nest,https://store.steampowered.com/app/1839430/Dolls_Nest/,6/20 (sat),夜,日本語 / Japanese,ニトロプラスのソウルライクロボットアクションゲーム。メカ少女に装備を施して、超巨大人工建造物「ホド」に挑む。衣装や髪型を好みにカスタマイズして「ぼくが考えたさいかわのメカ少女」を作っていくよ。,
2026/05/05 20:43:43,しばぁふ,https://www.twitch.tv/shibaafu,CrossCode,https://store.steampowered.com/app/368340/CrossCode/,"6/20 (sat), 6/21 (sun), 未定 (TBD)",夜中心に配信します,日本語 / Japanese,Switch版で配信予定です,
2026/06/19 20:50:13,プロフェッサーエックス,https://www.twitch.tv/professorcharlesx,近畿霊務局,https://store.steampowered.com/app/2956820/__Kinki_Spiritual_Affairs_Bureau/,6/20 (sat),夜,日本語 / Japanese,初見プレイです,
2026/04/20 3:22:57,もちる,https://www.twitch.tv/lostarea707,Dyping Escape,https://store.steampowered.com/app/3406810/Dyping_Escape/,"6/20 (sat), 6/21 (sun)",未定,日本語 / Japanese,ホラー表現がありそうなのでご注意,
2026/04/20 3:27:09,もちる,https://www.twitch.tv/lostarea707,Tiny Terrors,https://store.steampowered.com/app/3897480/Tiny_Terrors/,"6/20 (sat), 6/21 (sun)",未定,日本語 / Japanese,とってもかわいいおばけの出る、全編手描きアニメーションのショートストーリー2Dアクションゲーム。あったかくなりましょう。,
2026/04/20 3:30:31,もちる,https://www.twitch.tv/lostarea707,LATER,https://store.steampowered.com/app/3229910/Later/,"6/20 (sat), 6/21 (sun)",未定,日本語 / Japanese,「あとでやる」をテーマにしたポイントクリックタイプの短編ゲーム。でも繰り返していくうちにだんだん様子がおかしくなっていって……？,
2026/04/20 3:50:09,もちる,https://www.twitch.tv/lostarea707,Lovish(ラッビシュ),https://store.steampowered.com/app/2959010/Lovish/,"6/20 (sat), 6/21 (sun)",未定,日本語 / Japanese,ラビッシュではなく「ラッビシュ」。かわいいドット絵で彩られたレトロな8bit1画面2Dアクションアドベンチャーゲーム。合間に挟まるイベントシーンでは自分の行った選択によって100以上のエンディングに分岐します。助ける姫に好かれるためなら仕方ありませんね。,
2026/05/16 9:05:48,ghostmilkdx,https://www.twitch.tv/ghostmilkdx,Quester (初見プレイ),https://store.steampowered.com/app/1754460/QUESTER/,6/20 (sat),TBD,"日本語 / Japanese, 英語 / English, その他 / Other",,
2026/06/21 18:22:26,教授でした,https://www.twitch.tv/kyoujyu_ch,Braid,https://store.steampowered.com/app/26800/Braid/,6/20 (sat),未定です,日本語 / Japanese,"Braid, Anniversary Editionという形で再版されているゲームです。私は古い方を持ってるのでこちらをプレイします。steamの古いゲームになります。古い方は買えないのでご興味湧いたらアニバーサリー版をどうぞ",
2026/06/20 14:43:29,コアァ (sfkhoa),https://www.twitch.tv/sfkhoa,Star of Providence,https://store.steampowered.com/app/603960/Star_of_Providence/,6/20 (sat),22:00 JST,英語 / English,,22
2026/06/19 8:43:03,Nousabun,https://www.twitch.tv/nousabun,Maiden And Spell (First Playthrough),https://store.steampowered.com/app/1004770/Maiden_and_Spell/,6/20 (sat),8am PST,英語 / English,日本時間で6/21の0時です,24
2026/06/20 14:35:37,コアァ (sfkhoa),https://www.twitch.tv/sfkhoa,Earthion,https://store.steampowered.com/app/3597580/Earthion/,6/21 (sun),0:00 JST,英語 / English,,0
2026/06/20 14:46:14,コアァ (sfkhoa),https://www.twitch.tv/sfkhoa,JUDGEMENT SILVERSWORD -Resurrection-,https://store.steampowered.com/app/278510/JUDGEMENT_SILVERSWORD__Resurrection/,6/21 (sun),02:00 JST,英語 / English,,2
2026/06/21 5:55:54,まことニコ,https://www.twitch.tv/makoto255,Coromon,https://store.steampowered.com/app/1218210/Coromon/,6/21 (sun),6時,日本語 / Japanese,どう見てもポケモンです本当にありがとうございました。モンスターがドットで結構動くのでルビサファ~黒白世代が刺さった人にはきっと刺さると思います。さすがにポケモンのキャラデザらしさはないのはご愛嬌　ゲームボリュームの都合上、クリアまでは出来ませんがご興味をもっていただけたらとてもうれしいです,6
2026/06/21 8:25:58,ひろ朗,https://www.twitch.tv/hirorou3,焼肉シミュレーター,https://store.steampowered.com/app/2001570/_/,6/21 (sun),8時30分から,日本語 / Japanese,今の気持ちを体現したゲーム！,8.5
2026/06/19 12:16:10,皆月みもら,https://www.twitch.tv/mimora_6,常世ノ塔,https://store.steampowered.com/app/1393420/_/?l=japanese,6/21 (sun),10:30～11:30,日本語 / Japanese,自動生成系2Dアクションです。攻略法、思い出せるかな～,10.5
2026/06/19 11:58:03,がちゅん,https://www.twitch.tv/gachun83,Salaryman Shi(サラリーマン シー),https://store.steampowered.com/app/1834950/Salaryman_Shi/,6/21 (sun),午前中にやりたい,"日本語 / Japanese, 英語 / English",マ◯オ的な要素もあるアクションゲーム,12
2026/06/16 15:10:12,テーベス,https://www.twitch.tv/tebeth2,Rime Berta,https://store.steampowered.com/app/312600/Rime_Berta/,6/21 (sun),１４時頃,"日本語 / Japanese, 英語 / English",昔遊んでたSRPGです。結構楽しいと思ったので出来ればここで紹介しようと思っています。,14
2026/06/19 20:51:19,プロフェッサーエックス,https://www.twitch.tv/professorcharlesx,198X,https://store.steampowered.com/app/1086010/198X/,6/21 (sun),14時,日本語 / Japanese,初見プレイです,14
2026/06/21 13:59:12,Ribenchi,https://www.twitch.tv/ribenchi,Never Grave: The Witch and the Curse,https://store.steampowered.com/app/2395770/Never_Grave_The_Witch_and_The_Curse/,6/21 (sun),14時,英語 / English,I am excited to try this cute metroidvania roguelite game!,14
2026/06/18 20:34:56,七七七まぐの,https://www.twitch.tv/parton777magno,リトルウィッチノベタ　試練の塔,https://store.steampowered.com/app/1049890/Little_Witch_Nobeta/,6/21 (sun),15時ごろ,日本語 / Japanese,台湾の開発チームが制作した魔法少女のソウルライク。ロリダークソウルと呼ばれたとおり、難易度高めのアクションゲーム。ゲーム中に衣装が変更出来て、どれもがかわいい。しかし、メガネはない。わたしはリボンがかわいいターニアが推し。現在新作「フレイムウィッチフラン」を開発中とのこと。完成を心待ちにしてます。,15
2026/06/04 23:11:41,ReeverEX,https://www.twitch.tv/reeverex,Nientum - Op.ZERO,https://store.steampowered.com/app/2725250/Nientum__OpZERO/,6/21 (sun),Around 1AM CDT (3PM JST),英語 / English,I will be playing a 2D action platformer game with a music theme,15
2026/06/17 20:10:40,たぼんぬ,https://www.twitch.tv/tabonne_3,にほんの田舎ぐらし(初見プレイ),https://store.steampowered.com/app/4158870,6/21 (sun),15時頃,日本語 / Japanese,チルいドットの世界観に癒されてもらえると嬉しいです,15
2026/06/20 21:36:00,HelloTrixxy,https://www.twitch.tv/hellotrixxy,Acceleration of SUGURI 2 (Showcase),https://store.steampowered.com/app/390710/Acceleration_of_SUGURI_2/,6/21 (sun),5pm JPST,"日本語 / Japanese, 英語 / English",Acceleration of SUGURI 2 (Showcase),17
2026/06/20 22:48:48,猫月 志織(ねこづき しおり),https://www.twitch.tv/shiori_nekozuki,ウィッチエクスプローラー,https://store.steampowered.com/app/1758920/_/,6/21 (sun),午後3時ぐらいから3時間程度,日本語 / Japanese,開発者のPico Gamesさんの作品が大好きなので第1作目を紹介出来たら嬉しいです　ご飯が美味しそうなゲームは名作だと思います(極論ｗ),15
2026/06/21 17:38:54,しほまる,https://www.twitch.tv/shihomaru_gaming,REDNEG ALLSTARS SWING-BY EDITION,https://store.steampowered.com/app/2645180/REDNEG_ALLSTARS_SWINGBY_EDITION/,6/21 (sun),17:30~,日本語 / Japanese,HARDモードをアソビマス,17.5
2026/06/21 17:40:11,しほまる,https://www.twitch.tv/shihomaru_gaming,BLUE WISH DESIRE,https://store.steampowered.com/app/1794300/BLUE_WISH_DESIRE/,6/21 (sun),17:30~,日本語 / Japanese,フリゲからの良策ＳＴＧ。最新作が最近、発売されました！,17.5
2026/06/21 18:50:31,シェルブリット,https://www.twitch.tv/shellbrid,FIND KITTENS: The last of cats,https://store.steampowered.com/app/2907010/FIND_KITTENS_The_last_of_cats/,6/21 (sun),19:30～,日本語 / Japanese,白黒の絵からネコを探すゲーム！なんと無料で遊べるぞ！,19.5
2026/06/21 20:00:32,しほまる,https://www.twitch.tv/shihomaru_gaming,ZeroRanger,https://store.steampowered.com/app/809020/ZeroRanger/,6/21 (sun),20:00~,日本語 / Japanese,後のSTGに大きな影響を与えた名作（日本語ない）やります,20
2026/06/15 12:37:41,きよまる,https://www.twitch.tv/kiyomarugames,パッ◯マンみたいな東方二次創作ゲームを遊ぶよ！【Touhou Danmaku Maze】,https://store.steampowered.com/app/2927320/Touhou_Danmaku_Maze/,6/21 (sun),20時以降,日本語 / Japanese,楽しくワイワイ遊んでいきます！チルノを操作して迫りくる攻撃を回避しよう！,20
2026/06/15 17:29:16,ティーゼロ,https://www.twitch.tv/nicheshoten,Hellsinker.,https://store.steampowered.com/app/1067720/Hellsinker/?l=japanese,6/21 (sun),21時頃,日本語 / Japanese,"私がプレイしてきたインディーズSTGの中でも強烈な印象を残したゲームの一つです。
即身仏のMINOGAMEさんでプレイします。
なお、ストーリーは1割も理解できていません。",21
2026/06/06 22:00:33,ユリイカ,https://www.twitch.tv/ika_s,The Vagrant（初見プレイ）,https://store.steampowered.com/app/598700/The_Vagrant/,6/21 (sun),夜,日本語 / Japanese,,
2026/06/11 20:13:19,七七七まぐの,https://www.twitch.tv/parton777magno,救国のスネジンカ,https://store.steampowered.com/app/2608350/Sentinel_Girls2/,6/21 (sun),夜,日本語 / Japanese,先が見えない戦争の中、最前線のいまを懸命に生きる姉妹と相棒達の戦い。いのちをすり切って戦い抜いた100日後の結末とは。もう涙なんてかわいたと思ったのに、また泣かす気か！,
2026/06/21 14:28:09,がちゅん,https://www.twitch.tv/gachun83,Pampas & Selene: The Maze of Demons(初見プレイ),https://store.steampowered.com/app/1966220/Pampas__Selene_The_Maze_of_Demons/,6/21 (sun),１５時から(予定),"日本語 / Japanese, 英語 / English",メトロイドヴァニアに興味を持って,
2026/06/15 22:51:47,kirisiro_corin,https://www.twitch.tv/kirisiro_corin,Sunlesssea,https://store.steampowered.com/app/304650/SUNLESS_SEA/,6/21 (sun),未定,日本語 / Japanese,音楽よし雰囲気よし暗闇の海で恐怖と隣り合わせの航海を楽しみましょう,
2026/06/21 12:55:43,KZFIK,https://www.twitch.tv/kzfik,Jolly and Whimsy,https://store.steampowered.com/app/4707380/Jolly_and_Whimsy/,6/21 (sun),TBD,"日本語 / Japanese, 英語 / English, その他 / Other","Im from Indonesia 
if you cat lover i Will recommend this game because this game art really cute and good story. meow

インドネシア人です
猫好ならこのビスアルノベルゲームをやるのはおすすめです。絵はかわいいし、ストーリーはかなり良くて、めちゃおすすめです。にゃん",
2026/06/21 13:36:45,あちぇらん,https://www.twitch.tv/accelan7178,Cyclopean: The Great Abyss,https://store.steampowered.com/app/2958790/Cyclopean_The_Great_Abyss/,6/21 (sun),未定,日本語 / Japanese,深淵には恐怖が満ちている。だけど猫はいる。ならたぶん大丈夫だ。,
2026/06/21 16:12:28,おまぇ,https://www.twitch.tv/omae3000,Weird Dream,https://store.steampowered.com/app/2766070/Weird_Dreams/,6/21 (sun),今から飛び入りでお願いします。,日本語 / Japanese,初見プレイ,
2026/06/12 21:14:00,そらあき,https://www.twitch.tv/a_s_k_aki,Waves of Steel,https://store.steampowered.com/app/1482750/Waves_of_Steel/,未定 (TBD),お昼頃,日本語 / Japanese,,12
2026/06/14 19:17:11,そらあき,https://www.twitch.tv/a_s_k_aki,Infinos Gaiden,https://store.steampowered.com/app/771070/Infinos_Gaiden/#app_reviews_hash,未定 (TBD),お昼頃,日本語 / Japanese,初見になります,12
2026/06/14 19:18:41,そらあき,https://www.twitch.tv/a_s_k_aki,WOLFLAME,https://store.steampowered.com/app/448160/WOLFLAME/,未定 (TBD),お昼頃,日本語 / Japanese,初見になります,12
2026/06/18 21:18:13,そらあき,https://www.twitch.tv/a_s_k_aki,Moonbase Lambda,https://store.steampowered.com/app/2636910/Moonbase_Lambda/,未定 (TBD),お昼頃,日本語 / Japanese,初見プレイになります,12
2026/06/06 23:10:16,しほまる,https://www.twitch.tv/shihomaru_gaming,Shooting Game (仮)←正式タイトルです,https://store.steampowered.com/app/2088520/Shooting_Game/,未定 (TBD),17:00～21:00,日本語 / Japanese,ハードモードをアソビマス,17
2026/06/17 15:30:20,しほまる,https://www.twitch.tv/shihomaru_gaming,The Rush / 無料ゲー,https://store.steampowered.com/app/2525190/The_Rush/,未定 (TBD),17:00~21:00,日本語 / Japanese,１ＣＣ（というかコンティニューがない）でゲームエンドをみたいデス,17
2026/04/28 8:56:16,猫月 志織(ねこづき しおり),https://www.twitch.tv/shiori_nekozuki,九魂の久遠,https://store.steampowered.com/app/2428420/,未定 (TBD),夕方から20時迄の間,日本語 / Japanese,少しでも好きなゲームを他の方々に知ってもらえたら嬉しいです,18
2026/05/04 12:27:09,とーり。,https://www.twitch.tv/touri_v_game,UNDER DEFEAT,https://store.steampowered.com/app/2869510/UNDER_DEFEAT/,未定 (TBD),１９時　or　深夜,日本語 / Japanese,移植したゲーム　そしてシューティング　そして、するめゲーとのことなので今回こちらで参加したいと思います！,19
2026/05/09 21:16:04,教授でした。,https://www.twitch.tv/kyoujyu_ch,Besiege　初プレイ,https://store.steampowered.com/app/346010/Besiege/,未定 (TBD),２２時頃,日本語 / Japanese,軍隊やお城を自分の考えた最強マシンでぶっつぶすゲームです。見てる皆で超絶最強無敵マシンを作ってクリアを目指したいと思います。物理演算なんて勇気でぶっ壊してやりますよ！,22
2026/06/20 17:42:26,りっち～,https://www.twitch.tv/jajajamen,nophenia DEMOver,https://store.steampowered.com/app/3979330/nophenia/,未定 (TBD),19~20時以外のどこかでやりたいです,日本語 / Japanese,小さなオオカミ娘の冒険家はどこをさまようのだろう…アケコンにも対応してるよ！,
2026/04/07 14:15:00,暗闇ミネ,https://www.twitch.tv/kurayamimine,Otokomizu～漢水～,https://store.steampowered.com/app/973440/Otokomizu/,未定 (TBD),夜,日本語 / Japanese,"一回見たら絶対忘れないゲームです、どうしてこうなったで
人の配信はじめてこのゲーム見た時、テーブルに倒れるくらい笑いました
発想はめちゃ面白いけど操作が超難しい、すぐゲームオーバーになっちゃう",
2026/04/18 9:03:44,暗闇ミネ,https://www.twitch.tv/kurayamimine,Pixel Game Maker Series MagicalShot The AttackBump☆,https://store.steampowered.com/app/4300420/Pixel_Game_Maker_Series_MagicalShot_The_AttackBump/,未定 (TBD),夜,日本語 / Japanese,友達が作ったゲームを宣伝しようと思ってやってみる,
2026/05/01 9:37:52,暗闇ミネ,https://www.twitch.tv/kurayamimine,ロゼと黄昏の古城,https://store.steampowered.com/app/548840/A_Rose_in_the_Twilight/,未定 (TBD),夜,日本語 / Japanese,伝説の幼女クラッシャー、日本一ソフトのゲームだけど評価が１０００超えてないのでやってみる、主人公ロゼちゃん超かわいい、グロイ表現に平気とパズルゲーム好きな人におすすめです,
2026/04/19 18:25:07,しらす姐御の年の功実況,https://www.twitch.tv/shirasu_gamech,A Bird Story(初見プレイ),https://store.steampowered.com/app/327410/A_Bird_Story/,未定 (TBD),夜,日本語 / Japanese,マニアックなゲームをよく配信してます。個人的に名作だった【to the moon】を開発したfreebird gamesの作品です。初見プレイなので一緒に感動しましょう,
2026/05/24 20:03:59,わでぃ,https://www.twitch.tv/wady2525,Revolgear Zero,https://store.steampowered.com/app/3941820/Revolgear_Zero/,未定 (TBD),夜を予定してます,日本語 / Japanese,短時間になるかもですが可能な限りイベントを楽しみたいと思ってます♬(￣▽￣)つ,
2026/06/16 10:00:59,わでぃ,https://www.twitch.tv/wady2525,Graze Counter GM,https://store.steampowered.com/app/1486440/Graze_Counter_GM/,未定 (TBD),夜予定です,日本語 / Japanese,下手くそなSTGをご堪能くださいｗ,
2026/06/19 20:21:56,わでぃ,https://www.twitch.tv/wady2525,レイジングブラスターズ,https://store.steampowered.com/app/1464550/_/,未定 (TBD),夜の方になります,日本語 / Japanese,超絶久しぶりのプレイです,
2026/06/19 20:25:48,わでぃ,https://www.twitch.tv/wady2525,MissileDancer,https://store.steampowered.com/app/860590/MissileDancer/,未定 (TBD),夜の方になると思います,日本語 / Japanese,シンプルなロックオン式STGです,
2026/06/17 23:40:59,オト,https://www.twitch.tv/otoshun,ミミックロジック（初見プレイ）,https://store.steampowered.com/app/2455920/,未定 (TBD),夜,日本語 / Japanese,ガチ初見で楽しんでみます,
2026/06/19 0:09:36,KZFIK,https://www.twitch.tv/kzfik,ASBAK ,https://store.steampowered.com/app/2932110/Asbak/,未定 (TBD),未定／夜,"日本語 / Japanese, 英語 / English, その他 / Other","Asbak (アスバック)= 灰皿

Im from Indonesia so i want play Indonesian urban legend game demo in this event .hope you guys all enjoy

私はインドネシア人、インドネシアの都市伝説を倒すのデモゲームをやります。この配信イベントが楽しいになるように願っています。

インドネシア人から参加します。たくさん日本語を勉強するとたくさん日本人の友達がほしい。仲良くしようね
よろしくお願いします",
2026/06/19 0:26:31,KZFIK,https://www.twitch.tv/kzfik,ReStory: Chill Electronics Repairs,https://store.steampowered.com/app/3812600/ReStory_Chill_Electronics_Repairs/,未定 (TBD),未定 (TBD),"日本語 / Japanese, 英語 / English, その他 / Other","Im from Indonesia. Nice to meet you all 
I play game old electronics repairs game in this event. I really excited to try this demo game

インドネシア人です。このゲームは古い電子の修理ゲームです。このデモを試すのが楽しみ

たくさん日本人の友達がほしい。よろしくお願いします",
2026/04/12 20:39:44,ゆきかぜおじさま,https://www.twitch.tv/yukikazebecl,HeavenlyGuitars,https://store.steampowered.com/app/3968980/Heavenly_Guitars/,未定 (TBD),未定,日本語 / Japanese,,
2026/06/18 23:11:10,ゆきかぜおじさま,https://www.twitch.tv/yukikazebecl,ForzaHorizon6,https://store.steampowered.com/app/2483190/Forza_Horizon_6/,未定 (TBD),未定,日本語 / Japanese,,
2026/06/21 8:13:16,ゆきかぜおじさま,https://www.twitch.tv/yukikazebecl,ゆんゆん電波シンドローム,https://store.steampowered.com/app/2914150/_/,未定 (TBD),未定,日本語 / Japanese,,
2026/05/08 15:42:15,かに川桐也,https://www.twitch.tv/kani_kiriya,∀kashicforce,https://store.steampowered.com/app/857460/kashicforce/,未定 (TBD),未定,日本語 / Japanese,"落ち物パズルに見せかけたRTSです。
口で説明しても多分わからないから感じろ。自分は好きです。
エンドレスシラフの回し者ではございません。",
2026/05/05 18:03:39,かに川桐也,https://www.twitch.tv/kani_kiriya,∀stralbringer -蓋影のアーカリウム-,https://store.steampowered.com/app/1863300/stralbringer/,未定 (TBD),未定,日本語 / Japanese,"キーマウで遊べるSTGです。
ローグライトなモードをダラダラ遊ぶ予定。",
2026/05/05 18:09:57,かに川桐也,https://www.twitch.tv/kani_kiriya,雀球ぽん,https://store.steampowered.com/app/3423380/_/,未定 (TBD),未定,日本語 / Japanese,"パワプロの栄冠ナイン×麻雀×パチンコのトンデモゲー。
よくわからないと思いますが文字通りです。
なんと無料で遊べちまうんだ！",
2026/06/19 21:54:42,かに川桐也,https://www.twitch.tv/kani_kiriya,だるま観察日記,https://store.steampowered.com/app/4542680/_/,未定 (TBD),未定,日本語 / Japanese,"名前の癖に超硬派なゲーム。世界観を理解しようとしたら負け。
ちゃんと遊んだことなかったので今回のイベントでガッツリ遊びます。",
2026/06/20 22:32:25,かに川桐也,https://www.twitch.tv/kani_kiriya,ブレビマン,https://store.steampowered.com/app/3349980/_/,未定 (TBD),未定,日本語 / Japanese,我慢できずに追加しました。紹介程度に遊ぶ予定。,
2026/05/07 18:22:36,yoshipon1514,https://www.twitch.tv/yoshipon1514,【COLDSNAP】あんまり知られてないゲームやってみる！,https://store.steampowered.com/app/4598810/COLDSNAP/,未定 (TBD),未定,日本語 / Japanese,,
2026/05/13 22:43:53,孤独をアイス,https://www.twitch.tv/kodokuwoaisu_ch,レジェンド オブ レガシー HDリマスター,https://store.steampowered.com/app/2516220/,未定 (TBD),未定,日本語 / Japanese,スクエアエニックスでサガシリーズのひらめきを考案した、小泉今日治さんがゲームデザインをしているゲームです。ひらめきと同じく覚醒をして技を覚えて次々とボスを倒して物語の舞台「アヴァロン」の謎を追うRPGです。私は最初から最後までクリア耐久でプレイしたいと思います！よろしくお願いします！,
2026/06/18 23:07:38,シェルブリット,https://www.twitch.tv/shellbrid,MASH VP! Re:VISION（初見プレイ）,https://store.steampowered.com/app/2928330/MASH_VP_ReVISION/,未定 (TBD),未定,日本語 / Japanese,古参音ゲーマーの方なら知っているであろうNAOKIさんが関わっているリズムゲームです！時間のとれたタイミングで初見プレイしようと思います！,
2026/06/18 23:15:55,jio_jion,https://www.twitch.tv/jio_jion,Little Witch in the Woods,https://store.steampowered.com/app/1594940/Little_Witch_in_the_Woods/,未定 (TBD),未定,日本語 / Japanese,初見プレイになります。のんびり物語を進めていきたいと思います。,
2026/06/19 22:51:27,steam_doneko,https://www.twitch.tv/steam_doneko,Arcane Merchant,https://store.steampowered.com/app/4086760/Arcane_Merchant/,未定 (TBD),気が向いたら配信,日本語 / Japanese,初め手の配信なので、不手際はご容赦！,
2026/06/20 5:10:51,オポッティー,https://www.twitch.tv/opotty202310,The Ninja Saviors: Return of the Warriors (ザ・ニンジャウォーリアーズ　ワンスアゲイン),https://store.steampowered.com/app/2288070/The_Ninja_Saviors_Return_of_the_Warriors/,未定 (TBD),未定です,日本語 / Japanese,私が最も好きなベルトスクロールアクションですので、皆さんに少しでも興味を持ってもらえたらと思ってプレイしていきます♪,