Title,Steam
近畿霊務局 - Kinki Spiritual Affairs Bureau,https://store.steampowered.com/app/2956820/
亜電,https://store.steampowered.com/app/2152740/
Squad 51 vs. the Flying Saucers,https://store.steampowered.com/app/1378800/
Maiden and Spell,https://store.steampowered.com/app/1004770/
Spell Disk,https://store.steampowered.com/app/2292060/
Pampas & Selene: The Maze of Demons,https://store.steampowered.com/app/1966220/
監視業務 -禁忌-,https://store.steampowered.com/app/2793240/
Crescent Tower ～クレセント・タワー～,https://store.steampowered.com/app/3524160/
ビョーキなGENERATION -クレーンキャッチャーの亡霊-,https://store.steampowered.com/app/4059300/
Bat Boy,https://store.steampowered.com/app/1709350/
Dojo Masters,https://store.steampowered.com/app/2538000/
Trizon,https://store.steampowered.com/app/3064290/
Hotel Sowls,https://store.steampowered.com/app/968350/
簡単なゴミ捨てゲーム,https://store.steampowered.com/app/3384180/
蒐命のラスティル - とこしえの迷宮城 -,https://store.steampowered.com/app/2162820/
ASTRAL GATE,https://store.steampowered.com/app/2837870/
クソデカ囃子(ばやし) | Kusodeka Bayashi,https://store.steampowered.com/app/2909230/
Exorcist: Reviewer of Minds,https://store.steampowered.com/app/3050600/
SUIKAWA LEAD,https://store.steampowered.com/app/2848970/
閃攻機人アスラ - ASURA THE STRIKER -,https://store.steampowered.com/app/2389830/
∀stralbringer -蓋影のアーカリウム-,https://store.steampowered.com/app/1863300/
Scene Investigators,https://store.steampowered.com/app/1159830/
Wild Guns Reloaded,https://store.steampowered.com/app/585910/
Everdeep Aurora,https://store.steampowered.com/app/2251400/
ソフィアは嘘と引き換えに,https://store.steampowered.com/app/3326660/
Dungeon Antiqua,https://store.steampowered.com/app/3198540/
Axiom Verge 2,https://store.steampowered.com/app/946030/
ニエンタム — オプス・ゼロ — (Nientum - Op.ZERO),https://store.steampowered.com/app/2725250/
Dolls Nest,https://store.steampowered.com/app/1839430/
カルパ: コズミック シンフォニー(KALPA: Cosmic Symphony),https://store.steampowered.com/app/2717010/
Shaolin vs Wutang,https://store.steampowered.com/app/466110/
Cosmo Knight Zion,https://store.steampowered.com/app/4071380/
東方華心伝 - Touhou Blooming Soul,https://store.steampowered.com/app/1970030/
こふんは生きている　ーマホロヴァ・クラブの死体さがしー,https://store.steampowered.com/app/3218790/
常世ノ塔,https://store.steampowered.com/app/1393420/
Echo Generation: Midnight Edition,https://store.steampowered.com/app/1072300/
NITRO GEN OMEGA,https://store.steampowered.com/app/2525510/
Wander Stars,https://store.steampowered.com/app/1575810/
Inverted Angel,https://store.steampowered.com/app/2894960/
まものろKAI！ ～まもるクンは呪われてしまった！～,https://store.steampowered.com/app/3273980/
Model Eight,https://store.steampowered.com/app/2362480/